time,red,green,blue,green2,blue2,orange
20:06:01,31.637212,29.382030,63.241451,43.145629,29.839662,13.361350
20:06:02,31.637212,27.840036,63.241451,43.145629,29.839662,13.361350
